Codi	Municipi	BIG	QRA
250019	Abella de la Conca	11.532	2.774
80018	Abrera	23.956	5.349
250024	Àger	15.089	4.259
250030	Agramunt	19.767	5.074
80023	Aguilar de Segarra	20.527	6.078
170010	Agullana	24.994	7.687
80142	Aiguafreda	22.638	5.495
430017	Aiguamúrcia	19.104	4.662
170025	Aiguaviva	27.407	7.175
250387	Aitona	14.731	4.275
250045	Alamús, els	19.723	5.278
250058	Alàs i Cerc	20.146	5.981
250061	Albagés, l'	12.153	3.227
170031	Albanyà	18.351	5.163
250077	Albatàrrec	17.423	4.094
250083	Albesa	17.222	4.279
250096	Albi, l'	15.906	4.010
430022	Albinyana	17.705	3.976
430038	Albiol, l'	24.345	5.957
170046	Albons	23.393	6.527
430043	Alcanar	15.317	4.397
250100	Alcanó	14.408	3.747
250117	Alcarràs	16.312	3.982
250122	Alcoletge	18.807	4.098
430056	Alcover	19.932	4.827
439044	Aldea, l'	15.062	3.824
430069	Aldover	15.965	3.928
430075	Aleixar, l'	18.647	4.771
80039	Alella	38.495	14.253
430081	Alfara de Carles	12.637	4.154
250138	Alfarràs	15.931	4.254
250143	Alfés	17.202	4.581
430094	Alforja	18.396	4.383
250156	Algerri	13.868	3.342
250169	Alguaire	18.642	4.570
250175	Alins	14.799	3.265
430108	Alió	19.938	4.896
250194	Almacelles	18.001	4.983
250208	Almatret	16.580	3.558
250215	Almenar	17.209	4.464
430115	Almoster	30.382	8.562
250220	Alòs de Balaguer	20.834	4.769
170062	Alp	22.112	5.905
80044	Alpens	23.504	5.812
250236	Alpicat	27.849	7.870
250241	Alt Àneu	20.769	5.863
430120	Altafulla	29.377	8.852
170078	Amer	21.877	5.250
430136	Ametlla de Mar, l'	18.676	5.180
80057	Ametlla del Vallès, l'	32.737	10.489
439060	Ampolla, l'	19.846	5.172
430141	Amposta	16.695	4.476
170084	Anglès	19.984	4.360
250273	Anglesola	18.948	5.489
250292	Arbeca	15.030	3.974
430167	Arboç, l'	19.343	4.404
430154	Arbolí	18.819	5.361
170097	Arbúcies	19.898	4.996
80060	Arenys de Mar	22.906	6.401
80076	Arenys de Munt	22.712	6.233
170101	Argelaguer	19.247	5.122
80082	Argençola	18.642	4.353
430173	Argentera, l'	23.331	6.773
80095	Argentona	25.476	7.376
170118	Armentera, l'	24.263	6.605
430189	Arnes	14.400	3.817
250313	Arres	32.882	11.854
250328	Arsèguel	15.207	2.904
80109	Artés	20.810	4.632
250334	Artesa de Lleida	18.830	4.525
250349	Artesa de Segre	17.043	4.232
430192	Ascó	24.369	7.878
250365	Aspa	12.783	3.079
250371	Avellanes i Santa Linya, les	14.607	4.191
80116	Avià	19.870	4.725
80121	Avinyó	19.105	4.376
170123	Avinyonet de Puigventós	22.442	5.094
80137	Avinyonet del Penedès	22.660	5.607
80155	Badalona	21.243	5.267
89045	Badia del Vallès	17.695	3.334
80168	Bagà	20.167	4.787
250390	Baix Pallars	18.010	5.134
250404	Balaguer	18.426	4.550
80174	Balenyà	19.296	4.204
80180	Balsareny	20.222	4.586
430206	Banyeres del Penedès	21.736	4.596
170157	Banyoles	22.262	5.588
250411	Barbens	18.055	4.632
430213	Barberà de la Conca	18.680	4.653
82520	Barberà del Vallès	21.808	4.957
80193	Barcelona	29.180	9.289
250426	Baronia de Rialb, la	20.391	5.178
170160	Bàscara	20.393	4.738
250447	Bassella	15.196	3.582
430228	Batea	11.338	3.015
250450	Bausen	13.745	4.104
80207	Begues	31.983	9.698
170139	Begur	21.993	6.312
250463	Belianes	13.888	3.373
251706	Bellaguarda	11.428	3.242
170182	Bellcaire d'Empordà	20.272	5.226
250479	Bellcaire d'Urgell	17.841	4.530
250485	Bell-lloc d'Urgell	21.752	5.996
250498	Bellmunt d'Urgell	13.538	4.634
430234	Bellmunt del Priorat	15.635	4.119
80214	Bellprat	19.704	4.454
250501	Bellpuig	18.575	4.570
430249	Bellvei	19.442	4.488
250518	Bellver de Cerdanya	21.185	5.840
250523	Bellvís	17.578	4.735
250539	Benavent de Segrià	22.663	5.851
430252	Benifallet	15.082	4.240
430265	Benissanet	15.959	4.170
80229	Berga	20.520	4.852
170195	Besalú	21.554	5.170
170209	Bescanó	22.473	5.368
170216	Beuda	20.016	6.997
80235	Bigues i Riells	25.134	6.641
250557	Biosca	18.163	5.097
170221	Bisbal d'Empordà, la	18.638	4.654
430271	Bisbal de Falset, la	10.642	3.232
430287	Bisbal del Penedès, la	18.211	4.133
172348	Biure	18.915	4.538
430290	Blancafort	18.263	4.318
170237	Blanes	19.628	4.860
170293	Boadella i les Escaules	20.213	5.360
170242	Bolvir	25.495	7.879
430304	Bonastre	18.547	4.597
250576	Bòrdes, Es	20.041	4.600
170255	Bordils	24.330	5.907
250582	Borges Blanques, les	18.741	4.805
430311	Borges del Camp, les	19.411	4.839
170268	Borrassà	24.548	6.350
80240	Borredà	16.109	3.771
250595	Bossòst	21.409	4.837
430326	Bot	11.559	3.285
430332	Botarell	20.380	5.889
250560	Bovera	11.232	2.846
430347	Bràfim	17.919	4.403
170274	Breda	20.517	4.965
80253	Bruc, el	25.958	6.800
80266	Brull, el	29.047	8.913
170280	Brunyola i Sant Martí Sapresa	21.659	6.441
430350	Cabacés	12.477	3.353
250609	Cabanabona	14.006	4.731
170314	Cabanelles	16.085	8.661
170307	Cabanes	19.342	4.865
80272	Cabanyes, les	27.317	6.152
250616	Cabó	20.839	5.944
430363	Cabra del Camp	18.899	4.091
80288	Cabrera d'Anoia	19.095	4.104
80291	Cabrera de Mar	33.486	10.929
80305	Cabrils	37.392	12.615
170329	Cadaqués	19.414	5.880
80312	Calaf	19.569	5.160
430379	Calafell	20.432	5.166
80348	Calders	24.168	6.186
80327	Caldes d'Estrac	26.498	8.616
170335	Caldes de Malavella	22.592	5.495
80333	Caldes de Montbui	24.042	6.181
80351	Calella	19.398	5.108
80370	Calldetenes	22.139	5.298
80386	Callús	22.084	5.012
80364	Calonge de Segarra	16.319	4.545
170340	Calonge i Sant Antoni	22.627	6.188
250621	Camarasa	19.807	4.441
439039	Camarles	13.840	3.276
430385	Cambrils	23.927	6.706
170353	Camós	24.063	6.088
170366	Campdevànol	21.097	4.570
170372	Campelles	21.966	5.039
80399	Campins	26.528	6.928
170388	Campllong	25.028	5.819
170391	Camprodon	21.831	5.779
250637	Canejan	20.437	4.609
170405	Canet d'Adri	23.745	6.152
80403	Canet de Mar	21.880	5.588
439076	Canonja, la	19.700	4.422
80410	Canovelles	19.900	4.871
80425	Cànoves i Samalús	23.543	6.533
170412	Cantallops	19.757	5.875
80431	Canyelles	22.262	5.169
430398	Capafonts	19.319	4.452
430402	Capçanes	18.016	4.703
80446	Capellades	21.519	5.117
170427	Capmany	20.116	5.687
80459	Capolat	22.736	4.422
80462	Cardedeu	25.291	6.512
80478	Cardona	20.673	4.790
80484	Carme	21.898	4.960
430419	Caseres	12.104	3.840
170448	Cassà de la Selva	21.304	5.465
80497	Casserres	17.877	4.377
80575	Castell de l'Areny	18.380	4.678
259046	Castell de Mur	15.593	3.997
250642	Castellar de la Ribera	17.576	3.748
80522	Castellar de n'Hug	19.606	5.875
80500	Castellar del Riu	18.593	4.024
80517	Castellar del Vallès	24.340	6.203
80538	Castellbell i el Vilar	19.763	4.426
80543	Castellbisbal	24.116	5.782
80556	Castellcir	23.752	6.804
250674	Castelldans	14.217	3.761
80569	Castelldefels	36.721	13.065
80581	Castellet i la Gornal	20.374	4.839
170464	Castellfollit de la Roca	19.259	4.171
80608	Castellfollit de Riubregós	20.113	5.337
80594	Castellfollit del Boix	19.485	5.076
80615	Castellgalí	22.098	5.043
80620	Castellnou de Bages	24.360	6.966
250680	Castellnou de Seana	17.376	4.786
170470	Castelló d'Empúries	19.528	5.400
250693	Castelló de Farfanya	16.639	4.244
80636	Castellolí	25.564	6.306
170486	Castell-Platja d'Aro	21.910	6.512
250707	Castellserà	16.564	4.251
80641	Castellterçol	21.245	5.248
430424	Castellvell del Camp	28.548	8.985
80654	Castellví de la Marca	21.034	5.159
80667	Castellví de Rosanes	27.579	7.370
430430	Catllar, el	25.372	6.554
250714	Cava	11.676	..
171899	Cellera de Ter, la	20.473	4.221
170499	Celrà	22.919	5.148
80673	Centelles	20.756	4.807
82687	Cercs	19.107	4.414
82665	Cerdanyola del Vallès	26.032	7.024
80689	Cervelló	25.448	6.449
250729	Cervera	22.503	6.533
250735	Cervià de les Garrigues	11.899	2.982
170502	Cervià de Ter	25.322	9.716
170519	Cistella	21.386	6.580
250740	Ciutadilla	14.141	3.871
250753	Clariana de Cardener	14.828	3.889
250766	Cogul, el	9.634	2.101
170545	Colera	22.079	5.605
250772	Coll de Nargó	16.668	4.648
80692	Collbató	29.360	8.030
430458	Colldejou	16.064	3.262
80706	Collsuspina	23.170	6.303
170558	Colomers	25.287	7.313
251636	Coma i la Pedra, la	16.921	4.302
251615	Conca de Dalt	16.932	4.822
430461	Conesa	15.802	5.238
430477	Constantí	18.732	4.202
80713	Copons	21.894	5.795
430483	Corbera d'Ebre	15.373	3.904
80728	Corbera de Llobregat	27.224	7.601
250788	Corbins	19.059	5.398
170577	Corçà	21.523	6.014
80734	Cornellà de Llobregat	20.889	4.830
170561	Cornellà del Terri	22.439	5.934
430496	Cornudella de Montsant	19.047	6.544
430509	Creixell	19.403	5.213
170583	Crespià	18.425	5.139
179011	Cruïlles, Monells i Sant Sadurní de l'Heura	21.480	5.900
80749	Cubelles	23.794	5.883
250791	Cubells	14.822	3.576
430516	Cunit	19.586	4.888
170600	Darnius	17.585	3.811
170617	Das	20.201	7.472
439018	Deltebre	15.280	4.017
80752	Dosrius	22.706	5.556
430537	Duesaigües	15.003	3.318
170622	Escala, l'	19.447	6.694
80765	Esparreguera	22.622	5.161
170638	Espinelves	22.207	8.973
250812	Espluga Calba, l'	12.360	3.644
430542	Espluga de Francolí, l'	18.285	4.262
80771	Esplugues de Llobregat	27.598	8.323
170643	Espolla	19.916	4.968
170656	Esponellà	20.169	5.500
250827	Espot	19.538	4.656
80787	Espunyola, l'	18.133	5.010
82541	Esquirol, l'	21.973	5.330
250886	Estamariu	15.451	3.506
80790	Estany, l'	19.770	5.279
250851	Estaràs	16.423	4.610
250864	Esterri d'Àneu	21.122	5.511
250870	Esterri de Cardós	14.685	3.773
430555	Falset	20.217	5.111
170059	Far d'Empordà, el	22.267	5.280
250899	Farrera	12.192	2.187
430568	Fatarella, la	14.704	4.385
430574	Febró, la	21.191	..
81347	Figaró-Montmany	21.781	4.964
80804	Fígols	21.189	..
259084	Fígols i Alinyà	14.559	3.542
430580	Figuera, la	14.527	3.347
170669	Figueres	19.659	5.032
430593	Figuerola del Camp	20.334	6.881
170675	Flaçà	21.891	5.369
430607	Flix	26.599	7.100
250925	Floresta, la	19.537	4.812
80826	Fogars de la Selva	19.389	4.635
80811	Fogars de Montclús	19.270	7.160
170681	Foixà	20.202	5.188
80832	Folgueroles	25.248	6.458
250931	Fondarella	22.560	6.770
80847	Fonollosa	22.268	5.201
170694	Fontanals de Cerdanya	25.562	9.470
170708	Fontanilles	30.454	15.824
170715	Fontcoberta	22.761	5.205
80850	Font-rubí	21.542	5.629
250946	Foradada	16.343	4.551
179026	Forallac	23.958	7.263
430614	Forès	16.025	..
170736	Fornells de la Selva	29.540	7.828
170741	Fortià	22.398	5.723
80863	Franqueses del Vallès, les	22.437	5.363
430629	Freginals	14.990	3.955
250962	Fuliola, la	16.983	4.564
250978	Fulleda	13.676	4.172
80902	Gaià	21.890	5.632
430635	Galera, la	12.845	3.971
80879	Gallifa	24.139	8.237
430640	Gandesa	16.629	4.342
430653	Garcia	17.180	4.270
430666	Garidells, els	19.249	4.509
80885	Garriga, la	25.969	7.347
170754	Garrigàs	22.057	5.484
170767	Garrigoles	28.897	8.668
170773	Garriguella	20.544	5.403
80898	Gavà	25.177	6.820
250984	Gavet de la Conca	13.284	4.208
80919	Gelida	24.183	5.744
170789	Ger	22.393	6.992
259123	Gimenells i el Pla de la Font	19.300	5.094
430672	Ginestar	15.443	3.767
170792	Girona	25.890	7.019
80924	Gironella	18.165	4.419
80930	Gisclareny	24.216	6.242
430688	Godall	12.356	4.450
250997	Golmés	20.817	5.319
170806	Gombrèn	24.975	6.464
251001	Gósol	20.336	5.712
80945	Granada, la	22.230	5.596
251018	Granadella, la	14.580	3.693
80958	Granera	21.853	5.066
251023	Granja d'Escarp, la	14.760	3.773
80961	Granollers	23.648	6.125
251039	Granyanella	17.216	4.235
251057	Granyena de les Garrigues	12.092	4.111
251044	Granyena de Segarra	16.379	3.973
430691	Gratallops	16.383	5.478
80977	Gualba	25.286	5.864
170813	Gualta	19.111	4.936
80996	Guardiola de Berguedà	18.893	4.505
430705	Guiamets, els	16.610	4.784
170828	Guils de Cerdanya	24.604	6.919
251095	Guimerà	12.858	3.484
259031	Guingueta d'Àneu, la	19.171	5.546
251109	Guissona	19.743	4.215
251116	Guixers	15.722	4.329
81000	Gurb	28.508	8.737
430712	Horta de Sant Joan	14.402	3.932
81017	Hospitalet de Llobregat, l'	19.786	4.648
81629	Hostalets de Pierola, els	22.794	5.490
170834	Hostalric	19.436	4.281
81022	Igualada	22.754	6.107
251155	Isona i Conca Dellà	14.434	3.780
170849	Isòvol	26.287	8.314
251137	Ivars d'Urgell	17.535	4.342
251121	Ivars de Noguera	14.836	3.748
251142	Ivorra	18.162	4.575
170852	Jafre	22.784	6.072
170865	Jonquera, la	28.269	11.863
81038	Jorba	23.443	6.296
259101	Josa i Tuixén	12.061	3.365
170871	Juià	22.377	4.743
251180	Juncosa	13.700	3.074
251193	Juneda	18.596	4.611
251214	Les	23.928	8.075
251229	Linyola	17.089	3.962
81043	Llacuna, la	20.642	5.225
170887	Lladó	20.992	4.537
251235	Lladorre	17.019	3.822
251240	Lladurs	14.635	3.303
81056	Llagosta, la	19.181	4.126
170890	Llagostera	19.610	4.560
170904	Llambilles	29.909	8.615
170911	Llanars	21.239	6.003
170926	Llançà	19.564	4.721
251253	Llardecans	16.004	3.963
251266	Llavorsí	17.264	4.554
251207	Lleida	22.124	6.050
170932	Llers	20.286	6.000
251272	Lles de Cerdanya	15.251	3.879
81075	Lliçà d'Amunt	23.115	5.504
81081	Lliçà de Vall	24.143	6.024
251288	Llimiana	11.647	3.309
81069	Llinars del Vallès	23.639	6.001
170947	Llívia	21.011	6.023
430727	Lloar, el	14.899	5.602
251291	Llobera	14.995	4.131
430733	Llorac	17.354	3.983
430748	Llorenç del Penedès	20.678	4.868
170950	Lloret de Mar	17.918	4.596
170963	Llosses, les	17.758	4.506
81094	Lluçà	18.326	3.803
171024	Maçanet de Cabrenys	20.009	5.186
171030	Maçanet de la Selva	18.819	4.361
170979	Madremanya	22.586	7.405
170985	Maià de Montcal	19.714	4.519
251333	Maials	13.812	3.595
251305	Maldà	15.111	3.039
81108	Malgrat de Mar	18.787	4.419
81115	Malla	25.730	9.534
81120	Manlleu	20.029	4.908
81136	Manresa	22.565	5.633
430764	Marçà	19.371	5.091
430751	Margalef	13.140	3.499
82423	Marganell	20.317	6.297
81141	Martorell	22.636	5.396
81154	Martorelles	22.349	5.814
430770	Mas de Barberans	13.514	4.005
171002	Masarac	19.744	4.360
430786	Masdenverge	16.783	3.836
81167	Masies de Roda, les	23.838	6.593
81173	Masies de Voltregà, les	20.790	4.603
430799	Masllorenç	16.680	3.896
81189	Masnou, el	28.154	8.060
430803	Masó, la	20.542	4.865
430810	Maspujols	21.809	5.004
81192	Masquefa	21.933	4.739
430825	Masroig, el	15.823	5.290
251312	Massalcoreig	12.463	2.734
171019	Massanes	19.141	4.271
251327	Massoteres	20.984	4.657
81206	Matadepera	48.013	60.222
81213	Mataró	20.561	5.259
81228	Mediona	20.339	5.062
251348	Menàrguens	15.857	3.921
170998	Meranges	17.098	3.927
171058	Mieres	20.967	5.581
430831	Milà, el	16.298	4.173
251351	Miralcamp	18.584	4.521
430846	Miravet	16.931	5.322
81385	Moià	21.361	5.490
430859	Molar, el	13.998	3.385
81234	Molins de Rei	26.161	6.773
251370	Mollerussa	19.787	5.444
171061	Mollet de Peralada	19.813	4.875
81249	Mollet del Vallès	21.607	4.853
171077	Molló	20.983	5.988
251364	Molsosa, la	14.712	3.755
81287	Monistrol de Calders	18.255	4.062
81271	Monistrol de Montserrat	20.413	4.364
171096	Montagut i Oix	20.369	5.957
430862	Montblanc	20.995	4.869
430884	Montbrió del Camp	19.711	4.803
81252	Montcada i Reixac	21.717	5.038
81304	Montclar	14.260	3.234
251399	Montellà i Martinet	19.780	5.625
81311	Montesquiu	18.121	3.995
251403	Montferrer i Castellbò	20.369	5.447
430897	Montferri	17.033	3.998
251386	Montgai	15.411	4.472
81265	Montgat	25.725	6.825
81326	Montmajor	17.609	5.552
81332	Montmaneu	20.295	7.185
430901	Montmell, el	16.884	3.406
81350	Montmeló	21.841	4.806
251425	Montoliu de Lleida	16.623	4.297
251410	Montoliu de Segarra	16.571	3.947
251431	Montornès de Segarra	17.412	5.686
81363	Montornès del Vallès	21.292	4.764
430918	Mont-ral	19.852	6.427
171100	Mont-ras	21.069	5.656
430923	Mont-roig del Camp	13.103	5.349
81379	Montseny	20.102	6.141
430939	Móra d'Ebre	23.263	6.690
430944	Móra la Nova	19.946	5.024
430957	Morell, el	22.034	5.232
430960	Morera de Montsant, la	18.047	3.934
81290	Muntanyola	22.854	5.579
81398	Mura	22.839	6.080
251459	Nalec	16.856	4.763
250254	Naut Aran	21.634	6.051
81402	Navarcles	21.083	5.013
81419	Navàs	19.772	4.511
171117	Navata	24.059	5.992
251462	Navès	17.805	4.506
81424	Nou de Berguedà, la	19.147	3.778
430976	Nou de Gaià, la	22.221	5.677
430982	Nulles	18.500	4.408
251484	Odèn	15.588	4.489
81430	Òdena	21.090	5.723
171122	Ogassa	19.502	4.666
81458	Olèrdola	23.576	6.311
81461	Olesa de Bonesvalls	22.373	5.269
81477	Olesa de Montserrat	22.191	5.040
251497	Oliana	18.785	4.588
251500	Oliola	18.364	4.696
251517	Olius	22.245	10.954
81483	Olivella	25.740	6.883
81496	Olost	20.804	5.386
171143	Olot	20.795	5.184
251522	Oluges, les	15.477	4.296
81445	Olvan	16.592	3.797
251538	Omellons, els	12.025	3.007
251543	Omells de na Gaia, els	14.822	3.220
171156	Ordis	23.175	5.297
251556	Organyà	16.621	4.473
81509	Orís	18.732	4.753
81516	Oristà	18.452	4.510
81521	Orpí	23.858	6.180
81537	Òrrius	23.450	7.406
251569	Os de Balaguer	18.229	4.477
171169	Osor	16.390	3.248
251575	Ossó de Sió	19.549	5.697
81542	Pacs del Penedès	56.392	25.458
81555	Palafolls	19.903	4.530
171175	Palafrugell	18.828	4.911
171181	Palamós	20.024	5.099
251581	Palau d'Anglesola, el	19.906	4.984
171194	Palau de Santa Eulàlia	27.844	8.604
171215	Palau-sator	22.935	7.456
171208	Palau-saverdera	21.617	5.502
81568	Palau-solità i Plegamans	24.567	6.140
431009	Pallaresos, els	27.689	6.617
81574	Pallejà	26.304	7.170
430995	Palma d'Ebre, la	12.961	3.287
89058	Palma de Cervelló, la	26.314	6.758
171236	Palol de Revardit	23.773	6.624
171241	Pals	22.838	6.297
81580	Papiol, el	24.194	6.291
171254	Pardines	17.748	4.126
81593	Parets del Vallès	23.032	5.230
171267	Parlavà	22.196	5.748
431016	Passanant i Belltall	17.771	4.781
171289	Pau	20.895	6.060
431021	Paüls	12.527	3.177
171292	Pedret i Marzà	18.343	4.645
251641	Penelles	17.024	4.232
171306	Pera, la	25.359	6.822
81607	Perafita	20.033	5.793
431037	Perafort	23.453	5.655
171328	Peralada	26.864	11.330
251654	Peramola	17.969	4.365
431042	Perelló, el	14.293	3.410
81614	Piera	20.548	4.545
431055	Piles, les	20.196	4.415
81635	Pineda de Mar	18.173	5.517
431068	Pinell de Brai, el	14.805	3.768
251667	Pinell de Solsonès	19.497	7.661
251673	Pinós	16.214	5.469
431074	Pira	17.724	3.617
431080	Pla de Santa Maria, el	18.891	4.476
81640	Pla del Penedès, el	20.778	4.793
171334	Planes d'Hostoles, les	18.726	4.321
171349	Planoles	20.776	11.861
259118	Plans de Sió, els	17.701	4.544
251689	Poal, el	18.284	4.918
251692	Pobla de Cérvoles, la	17.415	5.093
81653	Pobla de Claramunt, la	21.010	4.879
81666	Pobla de Lillet, la	16.488	3.846
431093	Pobla de Mafumet, la	19.448	4.138
431107	Pobla de Massaluca, la	12.321	3.397
431114	Pobla de Montornès, la	19.458	4.845
251713	Pobla de Segur, la	20.380	5.374
431129	Poboleda	13.839	3.899
81672	Polinyà	21.482	4.593
431135	Pont d'Armentera, el	16.954	3.460
250306	Pont de Bar, el	12.756	3.372
171352	Pont de Molins	21.623	4.931
251734	Pont de Suert, el	20.290	6.373
81825	Pont de Vilomara i Rocafort, el	19.444	4.161
431418	Pontils	23.532	7.680
81688	Pontons	15.944	3.293
171365	Pontós	22.226	6.066
251728	Ponts	18.644	4.607
171371	Porqueres	22.071	5.364
431140	Porrera	17.358	4.870
171404	Port de la Selva, el	22.734	6.316
171387	Portbou	21.136	4.792
251749	Portella, la	14.668	3.661
431153	Pradell de la Teixeta	15.705	3.538
431166	Prades	16.417	4.386
431172	Prat de Comte	15.358	4.568
81691	Prat de Llobregat, el	21.831	4.914
431188	Pratdip	17.985	6.853
81712	Prats de Lluçanès	19.355	4.596
81705	Prats de Rei, els	19.848	4.718
251752	Prats i Sansor	20.329	4.878
251765	Preixana	17.812	5.569
251771	Preixens	15.778	4.858
82303	Premià de Dalt	30.231	9.445
81727	Premià de Mar	24.273	6.268
171390	Preses, les	22.995	5.604
251790	Prullans	16.311	6.265
171411	Puigcerdà	18.921	5.953
81748	Puigdàlber	23.671	5.765
251804	Puiggròs	16.594	3.861
431191	Puigpelat	21.817	5.123
81751	Puig-reig	18.489	4.547
251811	Puigverd d'Agramunt	18.203	4.255
251826	Puigverd de Lleida	18.225	4.381
81764	Pujalt	19.480	4.127
81770	Quar, la	18.133	..
171426	Quart	25.139	5.799
170433	Queralbs	23.438	5.220
431205	Querol	19.546	4.159
171432	Rabós	14.851	3.631
81786	Rajadell	25.461	7.795
431212	Rasquera	15.285	4.124
171447	Regencós	20.922	6.301
81799	Rellinars	21.326	5.059
431227	Renau	23.283	5.376
431233	Reus	21.287	5.619
251832	Rialp	18.646	4.525
431248	Riba, la	24.825	6.849
431251	Riba-roja d'Ebre	22.504	5.912
259059	Ribera d'Ondara	18.660	4.030
251850	Ribera d'Urgellet	17.882	4.538
171450	Ribes de Freser	20.267	5.048
171463	Riells i Viabrea	21.497	4.894
431264	Riera de Gaià, la	22.356	5.499
251863	Riner	17.806	4.242
171479	Ripoll	20.831	4.926
81803	Ripollet	20.698	4.645
259139	Riu de Cerdanya	20.688	7.432
171485	Riudarenes	20.904	10.162
171498	Riudaura	23.577	6.025
431270	Riudecanyes	20.517	5.528
431286	Riudecols	19.914	4.568
171501	Riudellots de la Selva	22.996	5.295
431299	Riudoms	19.520	4.981
171518	Riumors	20.909	5.334
81810	Roca del Vallès, la	25.866	6.936
431303	Rocafort de Queralt	16.474	3.609
431310	Roda de Berà	20.245	5.266
81831	Roda de Ter	20.724	4.834
431325	Rodonyà	16.339	3.684
431331	Roquetes	17.767	4.260
171523	Roses	18.069	4.847
251898	Rosselló	19.541	4.200
431346	Rourell, el	19.317	3.947
81846	Rubí	21.756	5.001
81859	Rubió	20.560	6.025
171539	Rupià	23.039	5.682
89019	Rupit i Pruit	17.791	4.281
81878	Sabadell	22.875	5.834
81884	Sagàs	21.518	5.129
251902	Salàs de Pallars	19.575	5.111
81901	Saldes	25.832	7.638
171544	Sales de Llierca	17.964	3.851
81918	Sallent	20.784	4.818
431359	Salomó	17.915	4.549
439057	Salou	20.208	5.764
171557	Salt	17.037	3.640
251919	Sanaüja	16.298	3.966
81944	Sant Adrià de Besòs	20.122	4.678
81957	Sant Agustí de Lluçanès	17.777	5.918
81960	Sant Andreu de la Barca	22.398	4.993
81976	Sant Andreu de Llavaneres	32.795	10.752
171576	Sant Andreu Salou	26.507	7.158
171833	Sant Aniol de Finestres	17.613	4.398
81982	Sant Antoni de Vilamajor	25.656	7.059
81995	Sant Bartomeu del Grau	21.264	5.404
82009	Sant Boi de Llobregat	21.408	4.950
82016	Sant Boi de Lluçanès	20.496	5.206
431362	Sant Carles de la Ràpita	18.002	4.454
82037	Sant Cebrià de Vallalta	23.492	5.662
82021	Sant Celoni	22.181	5.307
82042	Sant Climent de Llobregat	24.840	6.011
171582	Sant Climent Sescebes	18.712	4.676
82055	Sant Cugat del Vallès	42.563	15.428
82068	Sant Cugat Sesgarrigues	22.168	5.753
251961	Sant Esteve de la Sarga	10.919	3.023
82074	Sant Esteve de Palautordera	26.248	7.864
82080	Sant Esteve Sesrovires	27.754	7.063
171595	Sant Feliu de Buixalleu	20.682	5.288
82107	Sant Feliu de Codines	21.600	5.272
171609	Sant Feliu de Guíxols	19.346	5.004
82114	Sant Feliu de Llobregat	25.604	6.613
171616	Sant Feliu de Pallerols	22.578	5.304
82129	Sant Feliu Sasserra	20.666	8.502
171621	Sant Ferriol	19.110	4.653
82093	Sant Fost de Campsentelles	25.563	6.525
82135	Sant Fruitós de Bages	25.429	7.497
171637	Sant Gregori	27.820	7.076
251924	Sant Guim de Freixenet	19.081	5.173
251977	Sant Guim de la Plana	19.588	4.145
171642	Sant Hilari Sacalm	19.071	4.486
82153	Sant Hipòlit de Voltregà	21.562	4.986
81939	Sant Iscle de Vallalta	22.278	5.994
439023	Sant Jaume d'Enveja	14.891	3.545
82166	Sant Jaume de Frontanyà	19.517	5.407
171655	Sant Jaume de Llierca	21.511	5.337
431378	Sant Jaume dels Domenys	19.268	4.379
171674	Sant Joan de les Abadesses	21.284	4.881
171680	Sant Joan de Mollet	21.841	5.039
82188	Sant Joan de Vilatorrada	20.645	4.489
82172	Sant Joan Despí	27.110	7.313
171851	Sant Joan les Fonts	22.381	5.788
171668	Sant Jordi Desvalls	21.232	5.297
89030	Sant Julià de Cerdanyola	24.060	5.880
171693	Sant Julià de Ramis	25.703	6.531
82205	Sant Julià de Vilatorta	28.203	7.694
179032	Sant Julià del Llor i Bonmatí	20.755	4.534
82212	Sant Just Desvern	45.182	17.512
82227	Sant Llorenç d'Hortons	24.866	5.819
171714	Sant Llorenç de la Muga	21.071	6.162
251930	Sant Llorenç de Morunys	19.614	5.245
82233	Sant Llorenç Savall	19.701	4.523
82251	Sant Martí d'Albars	19.337	4.866
82248	Sant Martí de Centelles	21.127	4.870
171729	Sant Martí de Llémena	21.830	4.990
259025	Sant Martí de Riucorb	16.337	4.212
82264	Sant Martí de Tous	23.807	5.755
82270	Sant Martí Sarroca	19.999	4.931
82286	Sant Martí Sesgueioles	17.532	3.757
171735	Sant Martí Vell	31.222	14.242
82299	Sant Mateu de Bages	20.034	5.055
171740	Sant Miquel de Campmajor	20.705	6.106
171753	Sant Miquel de Fluvià	18.294	3.996
171766	Sant Mori	23.721	7.663
171772	Sant Pau de Segúries	18.746	4.178
82310	Sant Pere de Ribes	24.419	6.957
82325	Sant Pere de Riudebitlles	21.240	5.220
82331	Sant Pere de Torelló	20.076	4.388
82346	Sant Pere de Vilamajor	23.910	5.987
171788	Sant Pere Pescador	19.675	5.645
81897	Sant Pere Sallavinera	24.059	7.514
82359	Sant Pol de Mar	27.478	7.699
82362	Sant Quintí de Mediona	19.262	4.351
82378	Sant Quirze de Besora	20.615	4.850
82384	Sant Quirze del Vallès	33.865	10.029
82397	Sant Quirze Safaja	30.701	10.782
251945	Sant Ramon	17.305	4.417
82401	Sant Sadurní d'Anoia	24.741	6.129
82418	Sant Sadurní d'Osormort	22.437	5.451
80983	Sant Salvador de Guardiola	21.796	5.034
82628	Sant Vicenç de Castellet	19.538	4.530
82649	Sant Vicenç de Montalt	40.035	14.280
82652	Sant Vicenç de Torelló	22.538	6.240
82634	Sant Vicenç dels Horts	21.176	4.816
431384	Santa Bàrbara	14.719	3.833
82439	Santa Cecília de Voltregà	37.517	14.316
82444	Santa Coloma de Cervelló	26.774	6.631
171805	Santa Coloma de Farners	20.666	4.912
82457	Santa Coloma de Gramenet	17.908	3.914
431397	Santa Coloma de Queralt	18.345	4.520
171812	Santa Cristina d'Aro	23.043	6.358
82460	Santa Eugènia de Berga	18.578	4.063
82476	Santa Eulàlia de Riuprimer	22.072	5.611
82482	Santa Eulàlia de Ronçana	23.272	5.876
82495	Santa Fe del Penedès	24.535	6.421
171827	Santa Llogaia d'Àlguema	14.834	3.095
82508	Santa Margarida de Montbui	17.191	3.512
82515	Santa Margarida i els Monjos	20.554	4.265
82589	Santa Maria d'Oló	18.231	3.677
82536	Santa Maria de Besora	15.740	3.846
82567	Santa Maria de Martorelles	23.843	5.739
82554	Santa Maria de Merlès	19.206	4.629
82573	Santa Maria de Miralles	24.384	5.708
82592	Santa Maria de Palautordera	22.769	5.564
431401	Santa Oliva	17.859	3.752
171848	Santa Pau	21.891	6.720
82606	Santa Perpètua de Mogoda	22.606	5.298
82613	Santa Susanna	22.202	6.093
81923	Santpedor	24.396	5.864
431423	Sarral	18.347	4.327
171864	Sarrià de Ter	21.278	4.603
252017	Sarroca de Bellera	17.697	4.402
252000	Sarroca de Lleida	14.960	4.440
171870	Saus, Camallera i Llampaies	23.645	6.671
431439	Savallà del Comtat	20.914	4.880
431444	Secuita, la	24.186	5.856
171886	Selva de Mar, la	18.490	6.218
431457	Selva del Camp, la	21.437	5.388
431460	Senan	16.942	4.077
430445	Sénia, la	14.689	3.585
252022	Senterada	20.654	5.563
250352	Sentiu de Sió, la	18.584	4.480
82671	Sentmenat	22.242	5.144
171903	Serinyà	21.273	4.846
252043	Seròs	14.919	3.534
171910	Serra de Daró	19.821	4.633
171925	Setcases	17.588	3.940
252038	Seu d'Urgell, la	18.938	4.976
82690	Seva	24.364	7.103
252056	Sidamon	19.933	4.984
171931	Sils	20.150	4.730
82704	Sitges	35.816	13.280
170524	Siurana	22.547	5.197
82711	Sobremunt	17.833	3.928
252069	Soleràs, el	12.320	3.127
431476	Solivella	18.763	4.485
252075	Solsona	18.376	4.632
82726	Sora	17.920	3.917
252081	Soriguera	14.185	4.019
252094	Sort	17.371	4.360
252108	Soses	16.317	4.779
82732	Subirats	21.555	5.196
252115	Sudanell	19.562	4.693
252120	Sunyer	17.243	5.089
82747	Súria	23.517	5.632
171946	Susqueda	16.534	3.463
82763	Tagamanent	21.687	5.570
82779	Talamanca	23.959	6.030
252154	Talarn	21.212	5.571
252167	Talavera	18.913	7.260
171959	Tallada d'Empordà, la	23.809	10.602
82785	Taradell	23.209	5.873
431482	Tarragona	24.989	6.537
252173	Tàrrega	19.298	4.692
252189	Tarrés	19.144	4.448
252192	Tarroja de Segarra	15.913	3.283
82750	Tavèrnoles	27.467	8.726
82802	Tavertet	18.542	5.103
82819	Teià	34.389	11.414
252206	Térmens	17.504	4.344
171962	Terrades	19.859	5.006
82798	Terrassa	22.225	5.492
82824	Tiana	34.873	10.894
252213	Tírvia	14.175	3.843
252228	Tiurana	11.257	..
431495	Tivenys	14.434	3.555
431508	Tivissa	16.413	4.452
82830	Tona	22.784	5.855
252234	Torà	18.467	4.576
82845	Tordera	19.031	4.453
82858	Torelló	21.199	5.047
252249	Torms, els	13.880	3.532
252252	Tornabous	16.919	4.888
252271	Torre de Cabdella, la	16.460	10.027
82861	Torre de Claramunt, la	21.673	4.567
431515	Torre de Fontaubella, la	20.728	4.379
431520	Torre de l'Espanyol, la	14.444	5.257
252265	Torrebesses	12.028	2.975
431536	Torredembarra	20.870	5.580
252287	Torrefarrera	23.214	5.693
259078	Torrefeta i Florejacs	17.666	4.318
252304	Torregrossa	17.185	5.169
252311	Torrelameu	16.114	4.349
82877	Torrelavit	23.168	5.737
82883	Torrelles de Foix	18.122	4.298
82896	Torrelles de Llobregat	26.728	6.697
171978	Torrent	19.755	4.849
252326	Torres de Segre	15.003	4.367
252332	Torre-serona	21.803	5.594
171984	Torroella de Fluvià	21.241	6.140
171997	Torroella de Montgrí	19.089	5.061
431541	Torroja del Priorat	13.932	4.296
172001	Tortellà	20.691	4.958
431554	Tortosa	19.558	5.305
172018	Toses	19.971	5.859
172023	Tossa de Mar	18.633	5.126
252347	Tremp	19.191	4.739
172044	Ullà	18.862	5.019
82900	Ullastrell	25.377	6.142
172057	Ullastret	20.750	4.984
431567	Ulldecona	15.231	3.924
431573	Ulldemolins	13.116	3.499
172039	Ultramort	18.460	3.953
172060	Urús	21.555	7.931
82917	Vacarisses	23.759	5.548
170144	Vajol, la	31.507	11.415
172076	Vall d'en Bas, la	22.643	5.501
172082	Vall de Bianya, la	22.667	6.085
250432	Vall de Boí, la	18.424	4.682
259010	Vall de Cardós	15.628	4.635
82922	Vallbona d'Anoia	22.908	5.728
252385	Vallbona de les Monges	15.252	4.172
82938	Vallcebre	19.262	5.360
431589	Vallclara	19.518	6.185
252402	Vallfogona de Balaguer	19.821	4.607
171707	Vallfogona de Ripollès	16.805	4.571
431592	Vallfogona de Riucorb	18.458	4.919
82943	Vallgorguina	25.757	6.513
82956	Vallirana	23.698	5.838
172095	Vall-llobrega	22.206	6.038
431606	Vallmoll	21.896	5.731
82969	Vallromanes	35.162	11.256
431613	Valls	21.352	5.528
259062	Valls d'Aguilar, les	14.163	3.437
252398	Valls de Valira, les	17.069	4.738
431628	Vandellòs i l'Hospitalet de l'Infant	26.492	7.400
259097	Vansa i Fórnols, la	12.609	4.127
82975	Veciana	18.962	4.080
431634	Vendrell, el	20.142	5.102
172109	Ventalló	22.573	6.283
252424	Verdú	16.420	4.117
172116	Verges	20.385	5.134
431649	Vespella de Gaià	17.288	3.728
82981	Vic	22.291	6.253
172121	Vidrà	18.760	4.315
172137	Vidreres	20.306	4.708
252430	Vielha e Mijaran	19.802	4.897
431652	Vilabella	19.929	4.964
172142	Vilabertran	18.990	4.258
172155	Vilablareix	25.470	6.136
82994	Vilada	16.894	3.968
172174	Viladamat	18.584	4.371
172168	Viladasens	24.403	6.293
83015	Viladecans	22.165	5.208
83008	Viladecavalls	26.508	6.851
172180	Vilademuls	22.063	7.232
172207	Viladrau	21.573	5.911
172214	Vilafant	20.726	4.752
83054	Vilafranca del Penedès	22.244	5.668
252445	Vilagrassa	19.166	5.737
172235	Vilajuïga	20.949	5.253
431750	Vilalba dels Arcs	11.196	3.163
83067	Vilalba Sasserra	19.789	4.527
252458	Vilaller	18.085	4.066
172240	Vilallonga de Ter	17.343	4.327
431665	Vilallonga del Camp	21.659	4.901
172253	Vilamacolum	20.126	6.279
172266	Vilamalla	18.880	4.197
172272	Vilamaniscle	21.868	5.585
252477	Vilamòs	15.670	3.090
172288	Vilanant	22.989	5.863
431671	Vilanova d'Escornalbou	18.611	5.274
252483	Vilanova de Bellpuig	19.105	5.046
252496	Vilanova de l'Aguda	15.238	3.325
252542	Vilanova de la Barca	18.368	4.418
252509	Vilanova de Meià	15.793	4.094
431687	Vilanova de Prades	13.776	4.036
83036	Vilanova de Sau	19.239	4.649
252516	Vilanova de Segrià	18.394	4.407
83020	Vilanova del Camí	17.651	3.547
89024	Vilanova del Vallès	26.490	7.384
83073	Vilanova i la Geltrú	23.608	5.965
431690	Vilaplana	21.218	5.517
431704	Vila-rodona	18.758	5.065
172305	Vila-sacra	21.775	5.271
252521	Vila-sana	20.778	5.434
431711	Vila-seca	19.651	4.674
82140	Vilassar de Dalt	29.306	9.035
82191	Vilassar de Mar	28.874	8.486
172229	Vilaür	26.913	7.033
431726	Vilaverd	18.106	3.996
431732	Vilella Alta, la	12.129	3.637
431747	Vilella Baixa, la	14.699	4.464
172333	Vilobí d'Onyar	21.779	5.035
83041	Vilobí del Penedès	22.140	5.694
172327	Vilopriu	22.416	7.434
252537	Vilosell, el	14.757	4.808
431763	Vimbodí i Poblet	18.560	4.435
252555	Vinaixa	12.950	2.950
431779	Vinebre	20.230	6.227
431785	Vinyols i els Arcs	24.123	6.426
83089	Viver i Serrateix	30.399	12.995
430521	Xerta	17.113	4.050